<?xml version="1.0"?><metadata><idinfo><citation><citeinfo><origin>Minnesota Department of Human Services</origin><title>Family and Child Care Centers, Minnesota</title><pubinfo><publish>Minnesota Geospatial Information Office</publish></pubinfo><pubdate>20230427</pubdate><onlink>https://gisdata.mn.gov/dataset/econ-child-care</onlink></citeinfo></citation><descript><abstract>This dataset is a collection of records that communicate the locations of child care, family child care and certified child care centers in Minnesota. It was created by downloading licensing information from the Minnesota Department of Human Services (DHS), geocoding the spreadsheet records and converting them to a spatial format.

The following license types are represented:
Child Care Centers: Programs licensed to provide care to children for less than 24 hours a day in a commercial setting.
Family Child Care: Programs licensed to provide care to children for less than 24 hours a day, typically in the provider’s home or a local space, including a church.
Certified Child Care Center: Child care providers that are not required to be licensed, but are certified by DHS to be eligible to accept Child Care Assistance Program payments.

The approximately 10,000 records are combined into one layer, which can be queried to separate by license type. This version focuses on a smaller set of core attributes than can be found on DHS's Licensing Information Lookup Page; see that page for all the attributes: https://licensinglookup.dhs.state.mn.us/

Records represent licenses active as of the date shown in the Time Period of Content field. The official current status of licenses can be checked at the DHS licensing information lookup page.</abstract><supplinf>Statewide</supplinf><purpose>To provide state agencies and the general public with a basic overview of the locations of child care centers.</purpose></descript><status><update>Annually</update><progress>Complete</progress></status><keywords><place><placekey>Minnesota</placekey></place><theme><themekey>economy, childcare, child care, family care center, daycare, day care</themekey><themekt>ISO 19115 Topic Category</themekt></theme></keywords><accconst>None</accconst><timeperd><current>Data was obtained on April 3, 2023, and processed in April 2023. MnGeo plans to update this information annually if possible.</current><timeinfo><sngdate><caldate>20230403</caldate></sngdate></timeinfo></timeperd><useconst>The use of this data is conditioned on acceptance of the DHS terms and conditions outlined at https://licensinglookup.dhs.state.mn.us/Disclaimer.aspx</useconst><spdom><bounding><westbc>-97.23</westbc><eastbc>-89.53</eastbc><northbc>49.37</northbc><southbc>43.5</southbc></bounding></spdom><browse><browsen>https://resources.gisdata.mn.gov/pub/gdrs/data/pub/us_mn_state_mngeo/econ_child_care/metadata/preview.jpg</browsen></browse><ptcontac><cntinfo><cntperp><cntorg>MN Department of Human Services</cntorg><cntper>Licensing Staff</cntper></cntperp><cntpos>Facilities Search Support</cntpos><cntaddr><addrtype>mailing</addrtype><address>PO Box 64242</address><city>St. Paul</city><state>MN</state><postal>55164-0242</postal></cntaddr><cntvoice>651-431-6500</cntvoice><cntemail>DHS.info@state.mn.us</cntemail></cntinfo></ptcontac></idinfo><metainfo><metd>20230427</metd><metstdn>Minnesota Geographic Metadata Guidelines</metstdn><metstdv>1.2</metstdv><metextns><onlink>https://www.mngeo.state.mn.us/committee/standards/mgmg/metadata.htm</onlink></metextns><metc><cntinfo><cntperp><cntorg>Minnesota Geospatial Information Office (MnGeo)</cntorg><cntper>MnGeo</cntper></cntperp><cntpos>GIS Data Specialist</cntpos><cntaddr><addrtype>mailing and physical</addrtype><address>658 Cedar Street, Room 300</address><city>St. Paul</city><state>MN</state><postal>55155</postal></cntaddr><cntvoice>651-201-2499</cntvoice><cntemail>gisinfo.mngeo@state.mn.us</cntemail></cntinfo></metc></metainfo><eainfo><overview><eaover>License_Number: Numeric identifier used by Minnesota DHS to identify the individual license assigned to the program.
License_Type: One of three license type descriptions:
- Child Care Centers: Programs licensed to provide care to children for less than 24 hours a day in a commercial setting.
- Family Child Care: Programs licensed to provide care to children for less than 24 hours a day, typically in the provider’s home or a local space, including a church.
- Certified Child Care Center: Child care providers that are not required to be licensed, but are certified by DHS to be eligible to accept Child Care Assistance Program payments.
Name_of_Program: Name of the child care program.
AddressLine1: Line 1 of the address of the program.
AddressLine2: Line 2 of the address of the program.
(Note: whether or not these are mailing or physical location addresses is unknown.)
City, State, and Zip: Remaining address details.

Note: Additional attributes can be found on DHS's license lookup page: https://licensinglookup.dhs.state.mn.us/</eaover></overview></eainfo><distinfo><resdesc>econ_child_care</resdesc><distliab>DHS disclaimer:
https://licensinglookup.dhs.state.mn.us/Disclaimer.aspx
MnGeo's data disclaimer: https://www.mngeo.state.mn.us/chouse/disclaimer.html</distliab><stdorder><ordering>This data set is distributed via the Minnesota Geospatial Commons and is accessible via the online linkage below.</ordering></stdorder><distrib><cntinfo><cntperp><cntorg>Minnesota Geospatial Information Office (MnGeo)</cntorg><cntper>MnGeo</cntper></cntperp><cntpos>GIS Data Specialist</cntpos><cntaddr><addrtype>mailing and physical</addrtype><address>658 Cedar Street, Room 300</address><city>St. Paul</city><state>MN</state><postal>55155</postal></cntaddr><cntvoice>651-201-2499</cntvoice><cntemail>gisinfo.mngeo@state.mn.us</cntemail></cntinfo></distrib></distinfo><dataqual><lineage><procstep><procdesc>Process steps:
1. Obtained spreadsheet of programs from Minnesota DHS
2. Geocoded spreadsheet in Esri software using StreetMap Premium Geocoder, projecting to UTM NAD83 Zone 15N (WKID 26915)
3. Manually reviewed and adjusted any "unmatched" or "tied" records
4. Recalculated column lengths to appropriate sizes
5. Created a query layer from the geodatabase in order to rename columns to match prior (2021) release
6. Exported query layer to new feature class inside GDRS geodatabase
7. Conducted manual review to determine geocoder efficacy:
    a. Imported previous (2018) version of data
    b. Set a 1/10th mile buffer around current data points
    c. Joined the two data tables
    d. Filtered by selecting the table records that had matching license numbers
    e. Sampled the matching records to determine if both data versions had points in the buffer zone. If not, checked to see if address was still the same between the years. If it was and points were not in the same buffer zone, used discretion to determine if address validation was needed and checked which point was correctly placed.</procdesc></procstep></lineage><logic>Comparison against previously validated dataset (2018).</logic><complete>Unknown</complete><posacc><horizpa><horizpar>A sample of data points that existed in both the 2018 version and this 2023 version was taken and manually reviewed point-by-point to determine efficacy of the geocoder used. The 2023 data corrected some poor geocoding from the 2018 data. A notable difference in the point geocoding is that the 2018 version geocoded points to end of driveways whereas the 2023 version geocoded points to the building/structure.</horizpar></horizpa><vertacc><vertaccr>Not applicable</vertaccr></vertacc></posacc><attracc><attraccr>Attributes have not been checked for accuracy outside of normal Minnesota DHS licensing processes.</attraccr></attracc></dataqual><spref><horizsys><planar><gridsys><gridsysn>Universal Transverse Mercator</gridsysn><utm><utmzone>15</utmzone></utm></gridsys><planci><plandu>meters</plandu></planci></planar><geodetic><horizdn>NAD83</horizdn><ellips>GRS80</ellips></geodetic></horizsys></spref></metadata>