{
  "state": "Minnesota",
  "abbreviation": "MN",
  "total_counties": 87,
  "pilot_county": "Hennepin",
  "counties": [
    { "name": "Aitkin", "population": 15886, "county_seat": "Aitkin" },
    { "name": "Anoka", "population": 363887, "county_seat": "Anoka" },
    { "name": "Becker", "population": 34767, "county_seat": "Detroit Lakes" },
    { "name": "Beltrami", "population": 47188, "county_seat": "Bemidji" },
    { "name": "Benton", "population": 41379, "county_seat": "Foley" },
    { "name": "Big Stone", "population": 4991, "county_seat": "Ortonville" },
    { "name": "Blue Earth", "population": 67653, "county_seat": "Mankato" },
    { "name": "Brown", "population": 25008, "county_seat": "New Ulm" },
    { "name": "Carlton", "population": 35871, "county_seat": "Carlton" },
    { "name": "Carver", "population": 106922, "county_seat": "Chaska" },
    { "name": "Cass", "population": 29779, "county_seat": "Walker" },
    { "name": "Chippewa", "population": 11629, "county_seat": "Montevideo" },
    { "name": "Chisago", "population": 56543, "county_seat": "Center City" },
    { "name": "Clay", "population": 64222, "county_seat": "Moorhead" },
    { "name": "Clearwater", "population": 8818, "county_seat": "Bagley" },
    { "name": "Cook", "population": 5463, "county_seat": "Grand Marais" },
    { "name": "Cottonwood", "population": 11196, "county_seat": "Windom" },
    { "name": "Crow Wing", "population": 65055, "county_seat": "Brainerd" },
    { "name": "Dakota", "population": 439882, "county_seat": "Hastings" },
    { "name": "Dodge", "population": 20867, "county_seat": "Mantorville" },
    { "name": "Douglas", "population": 38141, "county_seat": "Alexandria" },
    { "name": "Faribault", "population": 13653, "county_seat": "Blue Earth" },
    { "name": "Fillmore", "population": 21067, "county_seat": "Preston" },
    { "name": "Freeborn", "population": 30281, "county_seat": "Albert Lea" },
    { "name": "Goodhue", "population": 46340, "county_seat": "Red Wing" },
    { "name": "Grant", "population": 5972, "county_seat": "Elbow Lake" },
    { "name": "Hennepin", "population": 1281565, "county_seat": "Minneapolis", "notes": "Largest county, pilot for investigation" },
    { "name": "Houston", "population": 18843, "county_seat": "Caledonia" },
    { "name": "Hubbard", "population": 21491, "county_seat": "Park Rapids" },
    { "name": "Isanti", "population": 41000, "county_seat": "Cambridge" },
    { "name": "Itasca", "population": 45130, "county_seat": "Grand Rapids" },
    { "name": "Jackson", "population": 10073, "county_seat": "Jackson" },
    { "name": "Kanabec", "population": 16337, "county_seat": "Mora" },
    { "name": "Kandiyohi", "population": 43199, "county_seat": "Willmar" },
    { "name": "Kittson", "population": 4298, "county_seat": "Hallock" },
    { "name": "Koochiching", "population": 12229, "county_seat": "International Falls" },
    { "name": "Lac qui Parle", "population": 6623, "county_seat": "Madison" },
    { "name": "Lake", "population": 10571, "county_seat": "Two Harbors" },
    { "name": "Lake of the Woods", "population": 3764, "county_seat": "Baudette" },
    { "name": "Le Sueur", "population": 28887, "county_seat": "Le Center" },
    { "name": "Lincoln", "population": 5639, "county_seat": "Ivanhoe" },
    { "name": "Lyon", "population": 25474, "county_seat": "Marshall" },
    { "name": "Mahnomen", "population": 5527, "county_seat": "Mahnomen" },
    { "name": "Marshall", "population": 9393, "county_seat": "Warren" },
    { "name": "Martin", "population": 19683, "county_seat": "Fairmont" },
    { "name": "McLeod", "population": 35893, "county_seat": "Glencoe" },
    { "name": "Meeker", "population": 23222, "county_seat": "Litchfield" },
    { "name": "Mille Lacs", "population": 26277, "county_seat": "Milaca" },
    { "name": "Morrison", "population": 33386, "county_seat": "Little Falls" },
    { "name": "Mower", "population": 40062, "county_seat": "Austin" },
    { "name": "Murray", "population": 8194, "county_seat": "Slayton" },
    { "name": "Nicollet", "population": 34274, "county_seat": "St. Peter" },
    { "name": "Nobles", "population": 21629, "county_seat": "Worthington" },
    { "name": "Norman", "population": 6470, "county_seat": "Ada" },
    { "name": "Olmsted", "population": 162847, "county_seat": "Rochester" },
    { "name": "Otter Tail", "population": 58746, "county_seat": "Fergus Falls" },
    { "name": "Pennington", "population": 14119, "county_seat": "Thief River Falls" },
    { "name": "Pine", "population": 29579, "county_seat": "Pine City" },
    { "name": "Pipestone", "population": 9126, "county_seat": "Pipestone" },
    { "name": "Polk", "population": 31364, "county_seat": "Crookston" },
    { "name": "Pope", "population": 11249, "county_seat": "Glenwood" },
    { "name": "Ramsey", "population": 552352, "county_seat": "Saint Paul", "notes": "Second largest, includes St. Paul" },
    { "name": "Red Lake", "population": 4055, "county_seat": "Red Lake Falls" },
    { "name": "Redwood", "population": 15170, "county_seat": "Redwood Falls" },
    { "name": "Renville", "population": 14548, "county_seat": "Olivia" },
    { "name": "Rice", "population": 66972, "county_seat": "Faribault" },
    { "name": "Rock", "population": 9315, "county_seat": "Luverne" },
    { "name": "Roseau", "population": 15165, "county_seat": "Roseau" },
    { "name": "Scott", "population": 150928, "county_seat": "Shakopee" },
    { "name": "Sherburne", "population": 97238, "county_seat": "Elk River" },
    { "name": "Sibley", "population": 14912, "county_seat": "Gaylord" },
    { "name": "St. Louis", "population": 200080, "county_seat": "Duluth", "notes": "Includes Duluth" },
    { "name": "Stearns", "population": 161075, "county_seat": "St. Cloud" },
    { "name": "Steele", "population": 36649, "county_seat": "Owatonna" },
    { "name": "Stevens", "population": 9805, "county_seat": "Morris" },
    { "name": "Swift", "population": 9783, "county_seat": "Benson" },
    { "name": "Todd", "population": 25149, "county_seat": "Long Prairie" },
    { "name": "Traverse", "population": 3259, "county_seat": "Wheaton" },
    { "name": "Wabasha", "population": 21627, "county_seat": "Wabasha" },
    { "name": "Wadena", "population": 13885, "county_seat": "Wadena" },
    { "name": "Waseca", "population": 18612, "county_seat": "Waseca" },
    { "name": "Washington", "population": 267568, "county_seat": "Stillwater" },
    { "name": "Watonwan", "population": 10748, "county_seat": "St. James" },
    { "name": "Wilkin", "population": 6269, "county_seat": "Breckenridge" },
    { "name": "Winona", "population": 49671, "county_seat": "Winona" },
    { "name": "Wright", "population": 141337, "county_seat": "Buffalo" },
    { "name": "Yellow Medicine", "population": 9709, "county_seat": "Granite Falls" }
  ]
}
